Workbook

Sheet LEIA-ME
A1: MOVE · Maped e Janod · Racional de apoio por centro de custo
A2: Base da apresentação "Escopo MOVE por centro de custo" · outubro/2026
A4: OBJETIVO | B4: Mostrar, linha a linha, de onde sai cada valor da apresentação e provar que a soma por centro de custo bate com a emissão de NF e com as notas de setembro.
A5: CENTRO DE CUSTO | B5: É o DEPARTAMENTO DRE da planilha de emissão. Cada SERVIÇO cai em um centro de custo pela aba PARÂMETROS: Mídia, SAC 3.0, Conteúdo e Influenciadores.
A6: COMO LER | B6: Texto azul = valor digitado, copiado da fonte. Texto preto = fórmula. Texto verde = fórmula que puxa de outra aba. Fundo amarelo = ponto a confirmar. Fundo verde = conferência OK.
A7: ABAS | B7: EMISSÃO 10-26 (linhas de Maped e Janod) · PARÂMETROS (serviço x centro de custo) · CENTRO DE CUSTO (soma por marca) · UNITÁRIOS (preço por entrega) · CONCILIAÇÃO (bate com NF) · REEMBOLSO (custo + 30%) · ANUAL (out a dez e 12 meses).
A9: FONTES
A10: Emissão de NF | B10: Planilha "Emissão NF · Modelo MOVE (a partir de 10-26)", aba 10-26, NF 10 (Maped) e NF 12 (Janod). Reembolsos nas NFs 11 e 13.
A11: Conversa de emissão | B11: E-mails do financeiro de 02/10/2026: "Faturamento Setembro/2026 | MAPED | NFs 3138 e 3139" (R$ 33.100,00 + R$ 994,53 = R$ 34.094,53) e "Faturamento Setembro/2026 | JANOD | NFs 3140 e 3141" (R$ 10.297,50 + R$ 827,36 = R$ 11.124,86). Vencimento 15/10/2026.
A12: Mapa de centro de custo | B12: Aba PARÂMETROS da mesma planilha de emissão (SERVIÇOS x CENTRO DE CUSTO).
A14: PREMISSAS
A15: 1. Fee | B15: Soma das linhas com FATURAR = SIM. Linhas inclusas ou bonificadas ficam registradas com valor zero e aparecem no slide como entrega sem cobrança.
A16: 2. Reembolso | B16: Caixas, fretes e insumos saem em NF própria, a custo + 30% de gestão, no centro de custo Influenciadores. Não entram no fee mensal.
A17: 3. Verba de mídia | B17: A verba dos veículos é paga pela Maped direto às plataformas e não passa pelo faturamento da MOVE. O fee de mídia remunera gestão, planejamento e relatório.
A18: 4. Mês | B18: A aba 10-26 é o mês de emissão; os serviços se referem ao mês anterior. Novembro e dezembro repetem o mesmo fee (projeção).

Sheet PARÂMETROS
A1: Serviço x centro de custo (DEPARTAMENTO DRE)
A2: Cópia da aba PARÂMETROS da planilha de emissão
A4: Serviço (emissão) | B4: Centro de custo | C4: Prefixo na NF
A5: MÍDIA PAGA I TRÁFEGO | B5: MÍDIA | C5: MIDIA
A6: MÍDIA ORGÂNICA | B6: MÍDIA | C6: MIDIA
A7: REDES SOCIAIS | INTELIGÊNCIA | B7: MÍDIA | C7: MIDIA
A8: SAC 3.0 I ATENDIMENTO DIGITAL | B8: SAC 3.0 | C8: SAC
A9: PRODUÇÃO DE CONTEÚDO | B9: CONTEÚDO | C9: CONTEUDO
A10: INFLUENCIADORES DIGITAIS | B10: INFLUENCIADORES | C10: INFLU
A11: REEMBOLSO | B11: INFLUENCIADORES | C11: INFLU-REEMBOLSOS
A12: EXTRA / PROJETO | B12: CONTEÚDO | C12: CONTEUDO

Sheet EMISSÃO 10-26
A1: Linhas de Maped e Janod na emissão de outubro/2026
A2: Copiadas da aba 10-26. O centro de custo vem da aba PARÂMETROS por fórmula (INDEX/MATCH).
A4: NF | B4: Marca | C4: Serviço | D4: Centro de custo | E4: Detalhamento (texto da nota) | F4: Entrega resumida | G4: Qtd. | H4: Unidade | I4: Valor | J4: Faturar | K4: Valor faturado | L4: Obs.
A5: 10 | B5: MAPED | C5: MÍDIA PAGA I TRÁFEGO | D5: =INDEX(PARÂMETROS!$B$5:$B$12,MATCH(C5,PARÂMETROS!$A$5:$A$12,0)) -> MÍDIA | E5: MÍDIA I META - 14 PUBLICAÇÕES I 5 FOTOS - 4 GRÁFICOS - 5 VÍDEOS | F5: Meta: gestão das 14 publicações | G5: 14 | H5: publicação | I5: 3849 | J5: SIM | K5: =IF(J5="SIM",I5,0) -> 3849
A6: 10 | B6: MAPED | C6: MÍDIA PAGA I TRÁFEGO | D6: =INDEX(PARÂMETROS!$B$5:$B$12,MATCH(C6,PARÂMETROS!$A$5:$A$12,0)) -> MÍDIA | E6: MÍDIA I GOOGLE - (BRANDING - CONCORRENTES - YOUTUBE - PMAX) | F6: Google: branding, concorrentes, YouTube, PMax | H6: conta | I6: 0 | J6: NÃO | K6: =IF(J6="SIM",I6,0) -> 0 | L6: Sem valor na aba 10/26. Confirmar se é bonificação ou suspensão.
A7: 10 | B7: MAPED | C7: MÍDIA PAGA I TRÁFEGO | D7: =INDEX(PARÂMETROS!$B$5:$B$12,MATCH(C7,PARÂMETROS!$A$5:$A$12,0)) -> MÍDIA | E7: MÍDIA I TIKTOK - 5 VÍDEOS | F7: TikTok: patrocínio dos 5 vídeos | G7: 5 | H7: vídeo | I7: 1745 | J7: SIM | K7: =IF(J7="SIM",I7,0) -> 1745
A8: 10 | B8: MAPED | C8: MÍDIA PAGA I TRÁFEGO | D8: =INDEX(PARÂMETROS!$B$5:$B$12,MATCH(C8,PARÂMETROS!$A$5:$A$12,0)) -> MÍDIA | E8: MÍDIA PATROCINADA I AMAZON | F8: Amazon Ads | G8: 1 | H8: conta | I8: 1500 | J8: SIM | K8: =IF(J8="SIM",I8,0) -> 1500
A9: 10 | B9: MAPED | C9: MÍDIA PAGA I TRÁFEGO | D9: =INDEX(PARÂMETROS!$B$5:$B$12,MATCH(C9,PARÂMETROS!$A$5:$A$12,0)) -> MÍDIA | E9: MÍDIA PATROCINADA I MERCADO LIVRE | F9: Mercado Livre Product Ads | G9: 1 | H9: conta | I9: 1500 | J9: SIM | K9: =IF(J9="SIM",I9,0) -> 1500
A10: 10 | B10: MAPED | C10: MÍDIA PAGA I TRÁFEGO | D10: =INDEX(PARÂMETROS!$B$5:$B$12,MATCH(C10,PARÂMETROS!$A$5:$A$12,0)) -> MÍDIA | E10: MÍDIA PATROCINADA I SHOPEE | F10: Shopee Ads | G10: 1 | H10: conta | I10: 1500 | J10: SIM | K10: =IF(J10="SIM",I10,0) -> 1500 | L10: Anúncios pausados desde 01/10 (contrato Lepok). Confirmar com a Maped.
A11: 10 | B11: MAPED | C11: REDES SOCIAIS | INTELIGÊNCIA | D11: =INDEX(PARÂMETROS!$B$5:$B$12,MATCH(C11,PARÂMETROS!$A$5:$A$12,0)) -> MÍDIA | E11: 14 PUBLICAÇÕES I META / 8 PINTEREST / 5 TIKTOK / 2 YOUTUBE (INCLUSO NO PACOTE) | F11: Redes: 14 Meta, 8 Pinterest, 5 TikTok, 2 YouTube | G11: 29 | H11: publicação | I11: 0 | J11: NÃO | K11: =IF(J11="SIM",I11,0) -> 0 | L11: Incluso no pacote.
A12: 10 | B12: MAPED | C12: SAC 3.0 I ATENDIMENTO DIGITAL | D12: =INDEX(PARÂMETROS!$B$5:$B$12,MATCH(C12,PARÂMETROS!$A$5:$A$12,0)) -> SAC 3.0 | E12: (TIME + COORD) ... INSTAGRAM + STORIES / FACEBOOK + MESSENGER E TIKTOK, LIMITE 1000 INTERAÇÕES, SEG A SEG | F12: SAC redes: até 1.000 interações, seg a seg | G12: 1000 | H12: interação | I12: 6048 | J12: SIM | K12: =IF(J12="SIM",I12,0) -> 6048
A13: 10 | B13: MAPED | C13: SAC 3.0 I ATENDIMENTO DIGITAL | D13: =INDEX(PARÂMETROS!$B$5:$B$12,MATCH(C13,PARÂMETROS!$A$5:$A$12,0)) -> SAC 3.0 | E13: (TIME + COORD) ... SAC E-MAIL LIMITE 500 MSG, SEG A SEG EXCETO FERIADOS | F13: SAC e-mail: até 500 mensagens | G13: 500 | H13: mensagem | I13: 2444 | J13: SIM | K13: =IF(J13="SIM",I13,0) -> 2444
A14: 10 | B14: MAPED | C14: SAC 3.0 I ATENDIMENTO DIGITAL | D14: =INDEX(PARÂMETROS!$B$5:$B$12,MATCH(C14,PARÂMETROS!$A$5:$A$12,0)) -> SAC 3.0 | E14: ATENDIMENTO/MONITORAMENTO - RECLAMAÇÕES/ENVIOS PLANILHAS - LIMITE 40 MENSAIS | F14: Reclamações e envios: até 40 casos | G14: 40 | H14: caso | I14: 2328 | J14: SIM | K14: =IF(J14="SIM",I14,0) -> 2328
A15: 10 | B15: MAPED | C15: SAC 3.0 I ATENDIMENTO DIGITAL | D15: =INDEX(PARÂMETROS!$B$5:$B$12,MATCH(C15,PARÂMETROS!$A$5:$A$12,0)) -> SAC 3.0 | E15: RD STATION SAC PARA WHATSAPP / AUTOMATIZAÇÕES DE MENSAGENS DO BOT | F15: WhatsApp RD Station e bot | G15: 1 | H15: conta | I15: 2000 | J15: SIM | K15: =IF(J15="SIM",I15,0) -> 2000
A16: 10 | B16: MAPED | C16: SAC 3.0 I ATENDIMENTO DIGITAL | D16: =INDEX(PARÂMETROS!$B$5:$B$12,MATCH(C16,PARÂMETROS!$A$5:$A$12,0)) -> SAC 3.0 | E16: RECLAME AQUI ATENDIMENTO (BONIFICADO) | F16: Reclame Aqui | H16: conta | I16: 0 | J16: NÃO | K16: =IF(J16="SIM",I16,0) -> 0 | L16: Bonificado.
A17: 10 | B17: MAPED | C17: PRODUÇÃO DE CONTEÚDO | D17: =INDEX(PARÂMETROS!$B$5:$B$12,MATCH(C17,PARÂMETROS!$A$5:$A$12,0)) -> CONTEÚDO | E17: 5 FOTOS - 4 GRÁFICOS | F17: 5 fotos + 4 gráficos | G17: 9 | H17: post | I17: 3490 | J17: SIM | K17: =IF(J17="SIM",I17,0) -> 3490
A18: 10 | B18: MAPED | C18: PRODUÇÃO DE CONTEÚDO | D18: =INDEX(PARÂMETROS!$B$5:$B$12,MATCH(C18,PARÂMETROS!$A$5:$A$12,0)) -> CONTEÚDO | E18: 4 VÍDEOS FR | F18: 4 vídeos FR adaptados | G18: 4 | H18: vídeo | I18: 1596 | J18: SIM | K18: =IF(J18="SIM",I18,0) -> 1596
A19: 10 | B19: MAPED | C19: PRODUÇÃO DE CONTEÚDO | D19: =INDEX(PARÂMETROS!$B$5:$B$12,MATCH(C19,PARÂMETROS!$A$5:$A$12,0)) -> CONTEÚDO | E19: 1 VÍDEO BR | F19: 1 vídeo BR roteiro e captação MOVE | G19: 1 | H19: vídeo | I19: 3000 | J19: SIM | K19: =IF(J19="SIM",I19,0) -> 3000
A20: 10 | B20: MAPED | C20: INFLUENCIADORES DIGITAIS | D20: =INDEX(PARÂMETROS!$B$5:$B$12,MATCH(C20,PARÂMETROS!$A$5:$A$12,0)) -> INFLUENCIADORES | E20: 7 SEEDINGS - MOVE ENVIA | F20: 7 seedings por mês | G20: 7 | H20: seeding | I20: 2100 | J20: SIM | K20: =IF(J20="SIM",I20,0) -> 2100 | L20: Caixas e fretes no reembolso (NF 11).
A21: 12 | B21: JANOD | C21: PRODUÇÃO DE CONTEÚDO | D21: =INDEX(PARÂMETROS!$B$5:$B$12,MATCH(C21,PARÂMETROS!$A$5:$A$12,0)) -> CONTEÚDO | E21: 8 PEÇAS I 3 GRÁFICOS | F21: 3 gráficos | G21: 3 | H21: post | I21: 1139.25 | J21: SIM | K21: =IF(J21="SIM",I21,0) -> 1139.25
A22: 12 | B22: JANOD | C22: PRODUÇÃO DE CONTEÚDO | D22: =INDEX(PARÂMETROS!$B$5:$B$12,MATCH(C22,PARÂMETROS!$A$5:$A$12,0)) -> CONTEÚDO | E22: 8 PEÇAS I 3 FOTOS | F22: 3 fotos | G22: 3 | H22: post | I22: 1139.25 | J22: SIM | K22: =IF(J22="SIM",I22,0) -> 1139.25
A23: 12 | B23: JANOD | C23: PRODUÇÃO DE CONTEÚDO | D23: =INDEX(PARÂMETROS!$B$5:$B$12,MATCH(C23,PARÂMETROS!$A$5:$A$12,0)) -> CONTEÚDO | E23: 8 PEÇAS I 2 VÍDEOS I 9:16 | F23: 2 vídeos 9:16 | G23: 2 | H23: vídeo | I23: 2866.5 | J23: SIM | K23: =IF(J23="SIM",I23,0) -> 2866.5
A24: 12 | B24: JANOD | C24: REDES SOCIAIS | INTELIGÊNCIA | D24: =INDEX(PARÂMETROS!$B$5:$B$12,MATCH(C24,PARÂMETROS!$A$5:$A$12,0)) -> MÍDIA | E24: 8 PUBLICAÇÕES I META / 8 PINTEREST / 2 TIKTOK / 2 YOUTUBE (INCLUSO NO PACOTE) | F24: Redes: 8 Meta, 8 Pinterest, 2 TikTok, 2 YouTube | G24: 20 | H24: publicação | I24: 0 | J24: NÃO | K24: =IF(J24="SIM",I24,0) -> 0 | L24: Incluso no pacote.
A25: 12 | B25: JANOD | C25: MÍDIA PAGA I TRÁFEGO | D25: =INDEX(PARÂMETROS!$B$5:$B$12,MATCH(C25,PARÂMETROS!$A$5:$A$12,0)) -> MÍDIA | E25: MÍDIA META I 6 POSTS + 2 VÍDEOS | F25: Meta: 6 posts + 2 vídeos | G25: 8 | H25: peça | I25: 1250 | J25: SIM | K25: =IF(J25="SIM",I25,0) -> 1250
A26: 12 | B26: JANOD | C26: MÍDIA PAGA I TRÁFEGO | D26: =INDEX(PARÂMETROS!$B$5:$B$12,MATCH(C26,PARÂMETROS!$A$5:$A$12,0)) -> MÍDIA | E26: MÍDIA GOOGLE I 6 POSTS + 2 VÍDEOS - (BRANDING - CONCORRENTES - YOUTUBE - PMAX) | F26: Google: 6 posts + 2 vídeos | G26: 8 | H26: peça | I26: 1250 | J26: SIM | K26: =IF(J26="SIM",I26,0) -> 1250
A27: 12 | B27: JANOD | C27: SAC 3.0 I ATENDIMENTO DIGITAL | D27: =INDEX(PARÂMETROS!$B$5:$B$12,MATCH(C27,PARÂMETROS!$A$5:$A$12,0)) -> SAC 3.0 | E27: ATENDIMENTO REDE SOCIAL FACEBOOK INSTAGRAM FEED, DIRECT E STORIES ... SLA 3X AO DIA | SEG A SEX | ATÉ 300 INTERAÇÕES | F27: SAC Facebook e Instagram: até 300 interações | G27: 300 | H27: interação | I27: 1752.5 | J27: SIM | K27: =IF(J27="SIM",I27,0) -> 1752.5
A28: 12 | B28: JANOD | C28: INFLUENCIADORES DIGITAIS | D28: =INDEX(PARÂMETROS!$B$5:$B$12,MATCH(C28,PARÂMETROS!$A$5:$A$12,0)) -> INFLUENCIADORES | E28: 3 SEEDINGS - MOVE ENVIA | F28: 3 seedings por mês | G28: 3 | H28: seeding | I28: 900 | J28: SIM | K28: =IF(J28="SIM",I28,0) -> 900 | L28: Caixas e fretes no reembolso (NF 13).
J30: Total MAPED | K30: =SUMIFS(K5:K28,B5:B28,"MAPED") -> 33100
J31: Total JANOD | K31: =SUMIFS(K5:K28,B5:B28,"JANOD") -> 10297.5
J32: Total grupo | K32: =K30+K31 -> 43397.5

Sheet CENTRO DE CUSTO
A1: Fee mensal por centro de custo
A2: SUMIFS sobre a aba EMISSÃO 10-26. Cada linha é um slide da apresentação.
A4: Centro de custo | B4: Maped | C4: % Maped | D4: Ordem no deck Maped | E4: Janod | F4: % Janod | G4: Ordem no deck Janod
A5: MÍDIA | B5: =SUMIFS('EMISSÃO 10-26'!$K$5:$K$28,'EMISSÃO 10-26'!$B$5:$B$28,"MAPED",'EMISSÃO 10-26'!$D$5:$D$28,A5) -> 10094 | C5: =IF($B$9=0,0,B5/$B$9) -> 0.30495468 | D5: 1 | E5: =SUMIFS('EMISSÃO 10-26'!$K$5:$K$28,'EMISSÃO 10-26'!$B$5:$B$28,"JANOD",'EMISSÃO 10-26'!$D$5:$D$28,A5) -> 2500 | F5: =IF($E$9=0,0,E5/$E$9) -> 0.24277737 | G5: 2
A6: SAC 3.0 | B6: =SUMIFS('EMISSÃO 10-26'!$K$5:$K$28,'EMISSÃO 10-26'!$B$5:$B$28,"MAPED",'EMISSÃO 10-26'!$D$5:$D$28,A6) -> 12820 | C6: =IF($B$9=0,0,B6/$B$9) -> 0.38731118 | D6: 2 | E6: =SUMIFS('EMISSÃO 10-26'!$K$5:$K$28,'EMISSÃO 10-26'!$B$5:$B$28,"JANOD",'EMISSÃO 10-26'!$D$5:$D$28,A6) -> 1752.5 | F6: =IF($E$9=0,0,E6/$E$9) -> 0.17018694 | G6: 3
A7: CONTEÚDO | B7: =SUMIFS('EMISSÃO 10-26'!$K$5:$K$28,'EMISSÃO 10-26'!$B$5:$B$28,"MAPED",'EMISSÃO 10-26'!$D$5:$D$28,A7) -> 8086 | C7: =IF($B$9=0,0,B7/$B$9) -> 0.24429003 | D7: 3 | E7: =SUMIFS('EMISSÃO 10-26'!$K$5:$K$28,'EMISSÃO 10-26'!$B$5:$B$28,"JANOD",'EMISSÃO 10-26'!$D$5:$D$28,A7) -> 5145 | F7: =IF($E$9=0,0,E7/$E$9) -> 0.49963583 | G7: 1
A8: INFLUENCIADORES | B8: =SUMIFS('EMISSÃO 10-26'!$K$5:$K$28,'EMISSÃO 10-26'!$B$5:$B$28,"MAPED",'EMISSÃO 10-26'!$D$5:$D$28,A8) -> 2100 | C8: =IF($B$9=0,0,B8/$B$9) -> 0.063444109 | D8: 4 | E8: =SUMIFS('EMISSÃO 10-26'!$K$5:$K$28,'EMISSÃO 10-26'!$B$5:$B$28,"JANOD",'EMISSÃO 10-26'!$D$5:$D$28,A8) -> 900 | F8: =IF($E$9=0,0,E8/$E$9) -> 0.087399854 | G8: 4
A9: Total do fee mensal | B9: =SUM(B5:B8) -> 33100 | C9: =SUM(C5:C8) -> 1 | E9: =SUM(E5:E8) -> 10297.5 | F9: =SUM(F5:F8) -> 1
A11: Fee mensal do grupo | B11: =B9+E9 -> 43397.5
A13: Linhas sem cobrança (entregues, valor zero)
A14: Maped · qtd. de linhas FATURAR = NÃO | B14: =COUNTIFS('EMISSÃO 10-26'!$B$5:$B$28,"MAPED",'EMISSÃO 10-26'!$J$5:$J$28,"NÃO") -> 3
A15: Janod · qtd. de linhas FATURAR = NÃO | B15: =COUNTIFS('EMISSÃO 10-26'!$B$5:$B$28,"JANOD",'EMISSÃO 10-26'!$J$5:$J$28,"NÃO") -> 1

Sheet UNITÁRIOS
A1: Preço por entrega
A2: Valor da linha / quantidade contratada. Ajuda a explicar cada frente e a comparar Maped e Janod.
A4: Marca | B4: Centro de custo | C4: Entrega | D4: Valor da linha | E4: Qtd. | F4: Unidade | G4: Preço por unidade
A5: ='EMISSÃO 10-26'!B5 -> MAPED | B5: ='EMISSÃO 10-26'!D5 -> MÍDIA | C5: ='EMISSÃO 10-26'!F5 -> Meta: gestão das 14 publicações | D5: ='EMISSÃO 10-26'!K5 -> 3849 | E5: ='EMISSÃO 10-26'!G5 -> 14 | F5: ='EMISSÃO 10-26'!H5 -> publicação | G5: =IF(E5=0,0,D5/E5) -> 274.92857
A6: ='EMISSÃO 10-26'!B7 -> MAPED | B6: ='EMISSÃO 10-26'!D7 -> MÍDIA | C6: ='EMISSÃO 10-26'!F7 -> TikTok: patrocínio dos 5 vídeos | D6: ='EMISSÃO 10-26'!K7 -> 1745 | E6: ='EMISSÃO 10-26'!G7 -> 5 | F6: ='EMISSÃO 10-26'!H7 -> vídeo | G6: =IF(E6=0,0,D6/E6) -> 349
A7: ='EMISSÃO 10-26'!B12 -> MAPED | B7: ='EMISSÃO 10-26'!D12 -> SAC 3.0 | C7: ='EMISSÃO 10-26'!F12 -> SAC redes: até 1.000 interações, seg a seg | D7: ='EMISSÃO 10-26'!K12 -> 6048 | E7: ='EMISSÃO 10-26'!G12 -> 1000 | F7: ='EMISSÃO 10-26'!H12 -> interação | G7: =IF(E7=0,0,D7/E7) -> 6.048
A8: ='EMISSÃO 10-26'!B13 -> MAPED | B8: ='EMISSÃO 10-26'!D13 -> SAC 3.0 | C8: ='EMISSÃO 10-26'!F13 -> SAC e-mail: até 500 mensagens | D8: ='EMISSÃO 10-26'!K13 -> 2444 | E8: ='EMISSÃO 10-26'!G13 -> 500 | F8: ='EMISSÃO 10-26'!H13 -> mensagem | G8: =IF(E8=0,0,D8/E8) -> 4.888
A9: ='EMISSÃO 10-26'!B14 -> MAPED | B9: ='EMISSÃO 10-26'!D14 -> SAC 3.0 | C9: ='EMISSÃO 10-26'!F14 -> Reclamações e envios: até 40 casos | D9: ='EMISSÃO 10-26'!K14 -> 2328 | E9: ='EMISSÃO 10-26'!G14 -> 40 | F9: ='EMISSÃO 10-26'!H14 -> caso | G9: =IF(E9=0,0,D9/E9) -> 58.2
A10: ='EMISSÃO 10-26'!B17 -> MAPED | B10: ='EMISSÃO 10-26'!D17 -> CONTEÚDO | C10: ='EMISSÃO 10-26'!F17 -> 5 fotos + 4 gráficos | D10: ='EMISSÃO 10-26'!K17 -> 3490 | E10: ='EMISSÃO 10-26'!G17 -> 9 | F10: ='EMISSÃO 10-26'!H17 -> post | G10: =IF(E10=0,0,D10/E10) -> 387.77778
A11: ='EMISSÃO 10-26'!B18 -> MAPED | B11: ='EMISSÃO 10-26'!D18 -> CONTEÚDO | C11: ='EMISSÃO 10-26'!F18 -> 4 vídeos FR adaptados | D11: ='EMISSÃO 10-26'!K18 -> 1596 | E11: ='EMISSÃO 10-26'!G18 -> 4 | F11: ='EMISSÃO 10-26'!H18 -> vídeo | G11: =IF(E11=0,0,D11/E11) -> 399
A12: ='EMISSÃO 10-26'!B20 -> MAPED | B12: ='EMISSÃO 10-26'!D20 -> INFLUENCIADORES | C12: ='EMISSÃO 10-26'!F20 -> 7 seedings por mês | D12: ='EMISSÃO 10-26'!K20 -> 2100 | E12: ='EMISSÃO 10-26'!G20 -> 7 | F12: ='EMISSÃO 10-26'!H20 -> seeding | G12: =IF(E12=0,0,D12/E12) -> 300
A13: ='EMISSÃO 10-26'!B21 -> JANOD | B13: ='EMISSÃO 10-26'!D21 -> CONTEÚDO | C13: ='EMISSÃO 10-26'!F21 -> 3 gráficos | D13: ='EMISSÃO 10-26'!K21 -> 1139.25 | E13: ='EMISSÃO 10-26'!G21 -> 3 | F13: ='EMISSÃO 10-26'!H21 -> post | G13: =IF(E13=0,0,D13/E13) -> 379.75
A14: ='EMISSÃO 10-26'!B22 -> JANOD | B14: ='EMISSÃO 10-26'!D22 -> CONTEÚDO | C14: ='EMISSÃO 10-26'!F22 -> 3 fotos | D14: ='EMISSÃO 10-26'!K22 -> 1139.25 | E14: ='EMISSÃO 10-26'!G22 -> 3 | F14: ='EMISSÃO 10-26'!H22 -> post | G14: =IF(E14=0,0,D14/E14) -> 379.75
A15: ='EMISSÃO 10-26'!B23 -> JANOD | B15: ='EMISSÃO 10-26'!D23 -> CONTEÚDO | C15: ='EMISSÃO 10-26'!F23 -> 2 vídeos 9:16 | D15: ='EMISSÃO 10-26'!K23 -> 2866.5 | E15: ='EMISSÃO 10-26'!G23 -> 2 | F15: ='EMISSÃO 10-26'!H23 -> vídeo | G15: =IF(E15=0,0,D15/E15) -> 1433.25
A16: ='EMISSÃO 10-26'!B25 -> JANOD | B16: ='EMISSÃO 10-26'!D25 -> MÍDIA | C16: ='EMISSÃO 10-26'!F25 -> Meta: 6 posts + 2 vídeos | D16: ='EMISSÃO 10-26'!K25 -> 1250 | E16: ='EMISSÃO 10-26'!G25 -> 8 | F16: ='EMISSÃO 10-26'!H25 -> peça | G16: =IF(E16=0,0,D16/E16) -> 156.25
A17: ='EMISSÃO 10-26'!B26 -> JANOD | B17: ='EMISSÃO 10-26'!D26 -> MÍDIA | C17: ='EMISSÃO 10-26'!F26 -> Google: 6 posts + 2 vídeos | D17: ='EMISSÃO 10-26'!K26 -> 1250 | E17: ='EMISSÃO 10-26'!G26 -> 8 | F17: ='EMISSÃO 10-26'!H26 -> peça | G17: =IF(E17=0,0,D17/E17) -> 156.25
A18: ='EMISSÃO 10-26'!B27 -> JANOD | B18: ='EMISSÃO 10-26'!D27 -> SAC 3.0 | C18: ='EMISSÃO 10-26'!F27 -> SAC Facebook e Instagram: até 300 interações | D18: ='EMISSÃO 10-26'!K27 -> 1752.5 | E18: ='EMISSÃO 10-26'!G27 -> 300 | F18: ='EMISSÃO 10-26'!H27 -> interação | G18: =IF(E18=0,0,D18/E18) -> 5.8416667
A19: ='EMISSÃO 10-26'!B28 -> JANOD | B19: ='EMISSÃO 10-26'!D28 -> INFLUENCIADORES | C19: ='EMISSÃO 10-26'!F28 -> 3 seedings por mês | D19: ='EMISSÃO 10-26'!K28 -> 900 | E19: ='EMISSÃO 10-26'!G28 -> 3 | F19: ='EMISSÃO 10-26'!H28 -> seeding | G19: =IF(E19=0,0,D19/E19) -> 300

Sheet REEMBOLSO
A1: Reembolso de setembro/2026 · custo + 30%
A2: NFs 3139 (Maped) e 3141 (Janod). Centro de custo Influenciadores, fora do fee.
A4: Taxa de gestão sobre o custo | B4: 0.3
A6: Marca | B6: NF | C6: Valor faturado (custo + 30%) | D6: Custo das despesas | E6: Gestão MOVE (30%)
A7: MAPED | B7: 3139 | C7: 994.53 | D7: =C7/(1+$B$4) -> 765.02308 | E7: =C7-D7 -> 229.50692
A8: JANOD | B8: 3141 | C8: 827.36 | D8: =C8/(1+$B$4) -> 636.43077 | E8: =C8-D8 -> 190.92923
A9: Total | C9: =SUM(C7:C8) -> 1821.89 | D9: =SUM(D7:D8) -> 1401.4538 | E9: =SUM(E7:E8) -> 420.43615
A11: O detalhe item a item está no "Relatório de Reembolso" anexo a cada e-mail de faturamento. Na emissão de outubro as linhas de reembolso (NF 11 e NF 13) ainda estão com valor zero: o valor entra pelo detalhe de reembolsos (colunas N a Q).

Sheet CONCILIAÇÃO
A1: Conciliação: centros de custo x emissão x NF de setembro
A2: Se todas as conferências estiverem OK, o valor do deck bate com a nota fiscal.
A4: Conferência | B4: Maped | C4: Janod | D4: Grupo
A5: Soma dos centros de custo (aba CENTRO DE CUSTO) | B5: ='CENTRO DE CUSTO'!B9 -> 33100 | C5: ='CENTRO DE CUSTO'!E9 -> 10297.5 | D5: =B5+C5 -> 43397.5
A6: Total da emissão 10-26 (aba EMISSÃO 10-26) | B6: ='EMISSÃO 10-26'!K30 -> 33100 | C6: ='EMISSÃO 10-26'!K31 -> 10297.5 | D6: =B6+C6 -> 43397.5
A7: Resumo por NF na planilha de emissão (NF 10 e NF 12) | B7: 33100 | C7: 10297.5 | D7: =B7+C7 -> 43397.5
A8: NF de serviço de setembro (3138 e 3140) | B8: 33100 | C8: 10297.5 | D8: =B8+C8 -> 43397.5
A9: NF de reembolso de setembro (3139 e 3141) | B9: =REEMBOLSO!C7 -> 994.53 | C9: =REEMBOLSO!C8 -> 827.36 | D9: =B9+C9 -> 1821.89
A10: Total faturado em setembro (e-mail de 02/10) | B10: 34094.53 | C10: 11124.86 | D10: =B10+C10 -> 45219.39
A12: CONFERÊNCIAS
A13: Centros de custo = emissão | B13: =IF(ABS(B5-B6)<0.01,"OK","DIFERENÇA") -> OK | C13: =IF(ABS(C5-C6)<0.01,"OK","DIFERENÇA") -> OK
A14: Emissão = resumo por NF | B14: =IF(ABS(B6-B7)<0.01,"OK","DIFERENÇA") -> OK | C14: =IF(ABS(C6-C7)<0.01,"OK","DIFERENÇA") -> OK
A15: Emissão = NF de serviço de setembro | B15: =IF(ABS(B6-B8)<0.01,"OK","DIFERENÇA") -> OK | C15: =IF(ABS(C6-C8)<0.01,"OK","DIFERENÇA") -> OK
A16: Serviço + reembolso = total do e-mail | B16: =IF(ABS(B8+B9-B10)<0.01,"OK","DIFERENÇA") -> OK | C16: =IF(ABS(C8+C9-C10)<0.01,"OK","DIFERENÇA") -> OK

Sheet ANUAL
A1: Valor total por marca
A2: Fee mensal da emissão de outubro. Novembro e dezembro projetados iguais.
A4: Meses no ano | B4: 12
A5: Meses de out a dez/2026 | B5: 3
A7: Centro de custo | B7: Maped mês | C7: Maped out a dez | D7: Maped 12 meses | E7: Janod mês | F7: Janod out a dez | G7: Janod 12 meses
A8: MÍDIA | B8: ='CENTRO DE CUSTO'!B5 -> 10094 | C8: =B8*$B$5 -> 30282 | D8: =B8*$B$4 -> 121128 | E8: ='CENTRO DE CUSTO'!E5 -> 2500 | F8: =E8*$B$5 -> 7500 | G8: =E8*$B$4 -> 30000
A9: SAC 3.0 | B9: ='CENTRO DE CUSTO'!B6 -> 12820 | C9: =B9*$B$5 -> 38460 | D9: =B9*$B$4 -> 153840 | E9: ='CENTRO DE CUSTO'!E6 -> 1752.5 | F9: =E9*$B$5 -> 5257.5 | G9: =E9*$B$4 -> 21030
A10: CONTEÚDO | B10: ='CENTRO DE CUSTO'!B7 -> 8086 | C10: =B10*$B$5 -> 24258 | D10: =B10*$B$4 -> 97032 | E10: ='CENTRO DE CUSTO'!E7 -> 5145 | F10: =E10*$B$5 -> 15435 | G10: =E10*$B$4 -> 61740
A11: INFLUENCIADORES | B11: ='CENTRO DE CUSTO'!B8 -> 2100 | C11: =B11*$B$5 -> 6300 | D11: =B11*$B$4 -> 25200 | E11: ='CENTRO DE CUSTO'!E8 -> 900 | F11: =E11*$B$5 -> 2700 | G11: =E11*$B$4 -> 10800
A12: Total | B12: =SUM(B8:B11) -> 33100 | C12: =SUM(C8:C11) -> 99300 | D12: =SUM(D8:D11) -> 397200 | E12: =SUM(E8:E11) -> 10297.5 | F12: =SUM(F8:F11) -> 30892.5 | G12: =SUM(G8:G11) -> 123570
A14: Grupo 12 meses (Maped + Janod) | B14: =D12+G12 -> 520770
